#{"t_start": 1764560262.0887272, "env_id": "custom-highway-v0"}
r,l,t
32.013741,40,379.284386
11.126665,15,380.418971
11.559998,15,381.548374
12.219593,16,382.746336
11.116733,15,383.983104
32.90263,40,765.460087
32.013741,40,768.155663
9.532392,13,769.044114
34.680407,40,771.871561
11.450221,15,772.861619
